Call_date,Ticker,volume,Delivery %
2026-04-23 18:30:00,INFY,42078914,57.67
2026-04-22 18:30:00,INFY,14792854,52.87
2026-04-21 18:30:00,INFY,20088378,54.57
2026-04-20 18:30:00,INFY,10057440,42.02
2026-04-19 18:30:00,INFY,7172300,52.49
2026-04-16 18:30:00,INFY,12064048,59.86
2026-04-15 18:30:00,INFY,18527029,41.17
2026-04-14 18:30:00,INFY,12098912,52.88
2026-04-12 18:30:00,INFY,10366082,33.66
2026-04-09 18:30:00,INFY,19233369,52.71
2026-04-08 18:30:00,INFY,14894607,46.2
2026-04-07 18:30:00,INFY,16030133,53.51
2026-04-06 18:30:00,INFY,15355792,49.25
2026-04-05 18:30:00,INFY,10208682,59.4
2026-04-01 18:30:00,INFY,12873492,42.51
2026-03-31 18:30:00,INFY,8137156,40.87
2026-03-29 18:30:00,INFY,14108486,49.55
2026-03-26 18:30:00,INFY,13092541,50.82
2026-03-24 18:30:00,INFY,10824030,51.29
2026-04-23 18:30:00,HDFCBANK,27720358,59.89
2026-04-22 18:30:00,HDFCBANK,37677616,57.6
2026-04-21 18:30:00,HDFCBANK,23876412,63.07
2026-04-20 18:30:00,HDFCBANK,49135752,48.64
2026-04-19 18:30:00,HDFCBANK,52148044,52.5
2026-04-16 18:30:00,HDFCBANK,37282544,62.49
2026-04-15 18:30:00,HDFCBANK,62861293,42.22
2026-04-14 18:30:00,HDFCBANK,39769515,47.68
2026-04-12 18:30:00,HDFCBANK,47549328,39.82
2026-04-09 18:30:00,HDFCBANK,38156026,54.08
2026-04-08 18:30:00,HDFCBANK,48879392,43.83
2026-04-07 18:30:00,HDFCBANK,70269512,59.47
2026-04-06 18:30:00,HDFCBANK,51309793,53.26
2026-04-05 18:30:00,HDFCBANK,42976659,55.89
2026-04-01 18:30:00,HDFCBANK,49310300,48.27
2026-03-31 18:30:00,HDFCBANK,78862761,63.42
2026-03-29 18:30:00,HDFCBANK,103500135,60.31
2026-03-26 18:30:00,HDFCBANK,65485199,64.03
2026-03-24 18:30:00,HDFCBANK,59230640,60.53
2026-04-23 18:30:00,ICICIBANK,14056743,78.45
2026-04-22 18:30:00,ICICIBANK,20111792,63.39
2026-04-21 18:30:00,ICICIBANK,13613487,65.2
2026-04-20 18:30:00,ICICIBANK,23312455,38.33
2026-04-19 18:30:00,ICICIBANK,21551520,49.03
2026-04-16 18:30:00,ICICIBANK,18151993,59.04
2026-04-15 18:30:00,ICICIBANK,24017236,30.18
2026-04-14 18:30:00,ICICIBANK,23827473,55.56
2026-04-12 18:30:00,ICICIBANK,30572141,61.72
2026-04-09 18:30:00,ICICIBANK,18174755,58.85
2026-04-08 18:30:00,ICICIBANK,22923062,45.1
2026-04-07 18:30:00,ICICIBANK,25148651,58.64
2026-04-06 18:30:00,ICICIBANK,25600557,61.74
2026-04-05 18:30:00,ICICIBANK,10058414,58.39
2026-04-01 18:30:00,ICICIBANK,20851722,46.23
2026-03-31 18:30:00,ICICIBANK,25472333,65.85
2026-03-29 18:30:00,ICICIBANK,23952775,39.21
2026-03-26 18:30:00,ICICIBANK,23630905,71.38
2026-03-24 18:30:00,ICICIBANK,17290030,50.07
2026-04-23 18:30:00,RELIANCE,11744802,68.32
2026-04-22 18:30:00,RELIANCE,1,100.0
2026-04-22 18:30:00,RELIANCE,16385079,48.89
2026-04-21 18:30:00,RELIANCE,9525953,61.67
2026-04-20 18:30:00,RELIANCE,27293629,47.72
2026-04-19 18:30:00,RELIANCE,13614733,43.6
2026-04-16 18:30:00,RELIANCE,13869105,43.59
2026-04-15 18:30:00,RELIANCE,30211012,27.32
2026-04-14 18:30:00,RELIANCE,15313779,50.97
2026-04-12 18:30:00,RELIANCE,28753269,49.54
2026-04-09 18:30:00,RELIANCE,19364461,58.26
2026-04-08 18:30:00,RELIANCE,20725390,36.21
2026-04-07 18:30:00,RELIANCE,21817543,47.98
2026-04-06 18:30:00,RELIANCE,28388922,46.14
2026-04-05 18:30:00,RELIANCE,29274881,49.59
2026-04-01 18:30:00,RELIANCE,21280051,38.42
2026-03-31 18:30:00,RELIANCE,14404619,50.56
2026-03-29 18:30:00,RELIANCE,24393861,46.84
2026-03-26 18:30:00,RELIANCE,23266517,54.05
2026-03-24 18:30:00,RELIANCE,19041331,47.45
2026-04-23 18:30:00,SUNPHARMA,9606128,63.67
2026-04-22 18:30:00,SUNPHARMA,3245164,56.86
2026-04-21 18:30:00,SUNPHARMA,2169514,67.1
2026-04-20 18:30:00,SUNPHARMA,3631490,73.89
2026-04-19 18:30:00,SUNPHARMA,1834532,61.16
2026-04-16 18:30:00,SUNPHARMA,3146482,65.48
2026-04-15 18:30:00,SUNPHARMA,4512633,61.24
2026-04-14 18:30:00,SUNPHARMA,3760449,68.2
2026-04-12 18:30:00,SUNPHARMA,3751005,56.54
2026-04-09 18:30:00,SUNPHARMA,8089531,48.76
2026-04-08 18:30:00,SUNPHARMA,3276165,67.16
2026-04-07 18:30:00,SUNPHARMA,4859877,66.24
2026-04-06 18:30:00,SUNPHARMA,2471378,59.49
2026-04-05 18:30:00,SUNPHARMA,3533715,59.77
2026-04-01 18:30:00,SUNPHARMA,3937824,48.69
2026-03-31 18:30:00,SUNPHARMA,3245628,62.76
2026-03-29 18:30:00,SUNPHARMA,4182503,56.94
2026-03-26 18:30:00,SUNPHARMA,2975423,64.08
2026-03-24 18:30:00,SUNPHARMA,1900794,57.75
2026-04-23 18:30:00,SBIN,13774745,62.29
2026-04-22 18:30:00,SBIN,13669001,46.37
2026-04-21 18:30:00,SBIN,12412659,59.68
2026-04-20 18:30:00,SBIN,16963734,51.11
2026-04-19 18:30:00,SBIN,31179584,58.64
2026-04-16 18:30:00,SBIN,16823879,63.56
2026-04-15 18:30:00,SBIN,20313165,42.91
2026-04-14 18:30:00,SBIN,16195810,47.59
2026-04-12 18:30:00,SBIN,17763348,39.46
2026-04-09 18:30:00,SBIN,17861336,51.25
2026-04-08 18:30:00,SBIN,24772948,43.7
2026-04-07 18:30:00,SBIN,28533742,51.46
2026-04-06 18:30:00,SBIN,15021291,35.62
2026-04-05 18:30:00,SBIN,23576634,47.29
2026-04-01 18:30:00,SBIN,20777629,41.02
2026-03-31 18:30:00,SBIN,17424479,45.44
2026-03-29 18:30:00,SBIN,21438137,43.71
2026-03-26 18:30:00,SBIN,20445349,62.14
2026-03-24 18:30:00,SBIN,16205333,46.51
2026-04-23 18:30:00,HCLTECH,10903519,45.55
2026-04-22 18:30:00,HCLTECH,8304759,48.07
2026-04-21 18:30:00,HCLTECH,33066256,45.25
2026-04-20 18:30:00,HCLTECH,3091487,56.74
2026-04-19 18:30:00,HCLTECH,2352656,52.75
2026-04-16 18:30:00,HCLTECH,3319268,55.82
2026-04-15 18:30:00,HCLTECH,5229848,56.63
2026-04-14 18:30:00,HCLTECH,3993858,57.48
2026-04-12 18:30:00,HCLTECH,2252652,51.89
2026-04-09 18:30:00,HCLTECH,3450066,57.64
2026-04-08 18:30:00,HCLTECH,3101205,55.58
2026-04-07 18:30:00,HCLTECH,4239052,54.44
2026-04-06 18:30:00,HCLTECH,3459049,45.64
2026-04-05 18:30:00,HCLTECH,2134581,41.83
2026-04-01 18:30:00,HCLTECH,6509389,47.1
2026-03-31 18:30:00,HCLTECH,2469237,56.39
2026-03-29 18:30:00,HCLTECH,5541018,61.22
2026-03-26 18:30:00,HCLTECH,8956139,67.8
2026-03-24 18:30:00,HCLTECH,4167275,54.05
2026-04-23 18:30:00,TCS,5107719,55.68
2026-04-22 18:30:00,TCS,2509050,46.7
2026-04-21 18:30:00,TCS,5232045,54.6
2026-04-20 18:30:00,TCS,2719959,46.54
2026-04-19 18:30:00,TCS,2288558,49.79
2026-04-16 18:30:00,TCS,2718206,61.79
2026-04-15 18:30:00,TCS,3905403,40.46
2026-04-14 18:30:00,TCS,5261384,52.08
2026-04-12 18:30:00,TCS,3739587,39.14
2026-04-09 18:30:00,TCS,10480239,41.8
2026-04-08 18:30:00,TCS,5628261,35.78
2026-04-07 18:30:00,TCS,4769337,45.42
2026-04-06 18:30:00,TCS,4516550,50.93
2026-04-05 18:30:00,TCS,2572417,45.05
2026-04-01 18:30:00,TCS,5378361,52.25
2026-03-31 18:30:00,TCS,4132661,47.79
2026-03-29 18:30:00,TCS,6804756,51.74
2026-03-26 18:30:00,TCS,4979411,48.8
2026-03-24 18:30:00,TCS,5843778,63.28
2026-04-23 18:30:00,BHARTIARTL,6306448,76.56
2026-04-22 18:30:00,BHARTIARTL,7489947,57.58
2026-04-21 18:30:00,BHARTIARTL,5687058,76.69
2026-04-20 18:30:00,BHARTIARTL,10485373,50.98
2026-04-19 18:30:00,BHARTIARTL,9243641,61.12
2026-04-16 18:30:00,BHARTIARTL,7344787,53.01
2026-04-15 18:30:00,BHARTIARTL,15871247,39.02
2026-04-14 18:30:00,BHARTIARTL,11049107,59.41
2026-04-12 18:30:00,BHARTIARTL,10371983,43.46
2026-04-09 18:30:00,BHARTIARTL,5857988,53.5
2026-04-08 18:30:00,BHARTIARTL,10113053,38.61
2026-04-07 18:30:00,BHARTIARTL,11587604,59.0
2026-04-06 18:30:00,BHARTIARTL,10057628,55.39
2026-04-05 18:30:00,BHARTIARTL,8183498,62.97
2026-04-01 18:30:00,BHARTIARTL,10857093,54.03
2026-03-31 18:30:00,BHARTIARTL,10694662,65.63
2026-03-29 18:30:00,BHARTIARTL,14240129,49.47
2026-03-26 18:30:00,BHARTIARTL,24490425,73.07
2026-03-24 18:30:00,BHARTIARTL,12473682,62.05
2026-04-23 18:30:00,SBILIFE,5283235,69.37
2026-04-22 18:30:00,SBILIFE,4199895,50.99
2026-04-21 18:30:00,SBILIFE,4044590,67.81
2026-04-20 18:30:00,SBILIFE,5153618,51.96
2026-04-19 18:30:00,SBILIFE,1033871,62.83
2026-04-16 18:30:00,SBILIFE,533713,62.63
2026-04-15 18:30:00,SBILIFE,642257,52.56
2026-04-14 18:30:00,SBILIFE,1341053,62.76
2026-04-12 18:30:00,SBILIFE,638729,53.76
2026-04-09 18:30:00,SBILIFE,763543,56.21
2026-04-08 18:30:00,SBILIFE,1330082,53.85
2026-04-07 18:30:00,SBILIFE,1104494,57.3
2026-04-06 18:30:00,SBILIFE,974742,64.08
2026-04-05 18:30:00,SBILIFE,1721071,61.57
2026-04-01 18:30:00,SBILIFE,1494738,63.17
2026-03-31 18:30:00,SBILIFE,1132054,59.92
2026-03-29 18:30:00,SBILIFE,2274502,55.79
2026-03-26 18:30:00,SBILIFE,1156884,66.58
2026-03-24 18:30:00,SBILIFE,1167758,69.41
2026-04-23 18:30:00,SHRIRAMFIN,9263466,33.97
2026-04-22 18:30:00,SHRIRAMFIN,4658783,50.22
2026-04-21 18:30:00,SHRIRAMFIN,4404420,48.3
2026-04-20 18:30:00,SHRIRAMFIN,5699181,60.54
2026-04-19 18:30:00,SHRIRAMFIN,4670588,56.49
2026-04-16 18:30:00,SHRIRAMFIN,4345572,50.68
2026-04-15 18:30:00,SHRIRAMFIN,5716035,53.58
2026-04-14 18:30:00,SHRIRAMFIN,7869459,59.0
2026-04-12 18:30:00,SHRIRAMFIN,8242484,48.14
2026-04-09 18:30:00,SHRIRAMFIN,8048521,47.8
2026-04-08 18:30:00,SHRIRAMFIN,7668209,45.28
2026-04-07 18:30:00,SHRIRAMFIN,18256527,46.84
2026-04-06 18:30:00,SHRIRAMFIN,5503677,48.49
2026-04-05 18:30:00,SHRIRAMFIN,5898399,37.93
2026-04-01 18:30:00,SHRIRAMFIN,7230236,45.9
2026-03-31 18:30:00,SHRIRAMFIN,11752172,36.07
2026-03-29 18:30:00,SHRIRAMFIN,10949179,50.36
2026-03-26 18:30:00,SHRIRAMFIN,12238678,51.79
2026-03-24 18:30:00,SHRIRAMFIN,14265748,58.37
2026-04-23 18:30:00,LT,2162213,61.03
2026-04-22 18:30:00,LT,2229134,55.81
2026-04-21 18:30:00,LT,2178082,61.59
2026-04-20 18:30:00,LT,2426718,67.19
2026-04-19 18:30:00,LT,3545024,60.71
2026-04-16 18:30:00,LT,2796673,61.33
2026-04-15 18:30:00,LT,5092608,57.79
2026-04-14 18:30:00,LT,4562142,59.59
2026-04-12 18:30:00,LT,4897563,46.75
2026-04-09 18:30:00,LT,2822017,53.05
2026-04-08 18:30:00,LT,4415151,48.94
2026-04-07 18:30:00,LT,7368477,56.3
2026-04-06 18:30:00,LT,3083714,54.35
2026-04-05 18:30:00,LT,3353246,51.39
2026-04-01 18:30:00,LT,4121638,48.66
2026-03-31 18:30:00,LT,4099786,51.47
2026-03-29 18:30:00,LT,3549203,57.18
2026-03-26 18:30:00,LT,3991388,60.68
2026-03-24 18:30:00,LT,5090205,50.79
2026-04-23 18:30:00,ETERNAL,33365767,48.88
2026-04-22 18:30:00,ETERNAL,33833959,50.79
2026-04-21 18:30:00,ETERNAL,45717764,59.13
2026-04-20 18:30:00,ETERNAL,29052896,49.62
2026-04-19 18:30:00,ETERNAL,39283935,52.03
2026-04-16 18:30:00,ETERNAL,35893335,48.21
2026-04-15 18:30:00,ETERNAL,48279727,42.25
2026-04-14 18:30:00,ETERNAL,56072733,46.63
2026-04-12 18:30:00,ETERNAL,44343479,49.81
2026-04-09 18:30:00,ETERNAL,40180860,49.81
2026-04-08 18:30:00,ETERNAL,38062318,46.62
2026-04-07 18:30:00,ETERNAL,61801744,52.57
2026-04-06 18:30:00,ETERNAL,40364387,46.78
2026-04-05 18:30:00,ETERNAL,31590365,47.8
2026-04-01 18:30:00,ETERNAL,66556155,42.39
2026-03-31 18:30:00,ETERNAL,34530655,47.88
2026-03-29 18:30:00,ETERNAL,49774525,53.52
2026-03-26 18:30:00,ETERNAL,38767229,37.52
2026-03-24 18:30:00,ETERNAL,64768357,54.78
2026-04-23 18:30:00,JIOFIN,32701729,32.54
2026-04-22 18:30:00,JIOFIN,74432271,33.02
2026-04-21 18:30:00,JIOFIN,40251825,47.84
2026-04-20 18:30:00,JIOFIN,46344616,62.68
2026-04-19 18:30:00,JIOFIN,38415130,41.84
2026-04-16 18:30:00,JIOFIN,51452527,62.37
2026-04-15 18:30:00,JIOFIN,26180404,46.47
2026-04-14 18:30:00,JIOFIN,20476591,56.05
2026-04-12 18:30:00,JIOFIN,15386126,41.01
2026-04-09 18:30:00,JIOFIN,12039959,42.35
2026-04-08 18:30:00,JIOFIN,21124622,49.33
2026-04-07 18:30:00,JIOFIN,19911975,41.41
2026-04-06 18:30:00,JIOFIN,13783445,41.9
2026-04-05 18:30:00,JIOFIN,16036376,33.24
2026-04-01 18:30:00,JIOFIN,18541635,36.46
2026-03-31 18:30:00,JIOFIN,21603793,43.81
2026-03-29 18:30:00,JIOFIN,25943393,49.01
2026-03-29 18:30:00,JIOFIN,2675853,
2026-03-26 18:30:00,JIOFIN,19784233,56.45
2026-03-24 18:30:00,JIOFIN,15684548,48.76
2026-04-23 18:30:00,WIPRO,39363394,54.35
2026-04-22 18:30:00,WIPRO,20307250,58.58
2026-04-21 18:30:00,WIPRO,21790433,51.31
2026-04-20 18:30:00,WIPRO,21530723,56.11
2026-04-19 18:30:00,WIPRO,27927164,57.73
2026-04-16 18:30:00,WIPRO,80542603,48.28
2026-04-15 18:30:00,WIPRO,36305074,47.29
2026-04-14 18:30:00,WIPRO,27890080,57.64
2026-04-12 18:30:00,WIPRO,21930624,51.64
2026-04-09 18:30:00,WIPRO,51219565,37.7
2026-04-08 18:30:00,WIPRO,14540807,49.08
2026-04-07 18:30:00,WIPRO,22084158,37.49
2026-04-06 18:30:00,WIPRO,24771466,35.07
2026-04-05 18:30:00,WIPRO,23282287,33.08
2026-04-01 18:30:00,WIPRO,16623045,45.95
2026-03-31 18:30:00,WIPRO,11769673,33.57
2026-03-29 18:30:00,WIPRO,27946986,52.15
2026-03-26 18:30:00,WIPRO,26269256,52.42
2026-03-24 18:30:00,WIPRO,13862888,50.38
2026-04-23 18:30:00,COALINDIA,16441909,43.49
2026-04-22 18:30:00,COALINDIA,8989280,57.52
2026-04-21 18:30:00,COALINDIA,6991939,51.62
2026-04-20 18:30:00,COALINDIA,5336558,58.16
2026-04-19 18:30:00,COALINDIA,8090840,52.8
2026-04-16 18:30:00,COALINDIA,10733309,60.5
2026-04-15 18:30:00,COALINDIA,11776638,69.25
2026-04-14 18:30:00,COALINDIA,10149319,57.58
2026-04-12 18:30:00,COALINDIA,18702296,35.84
2026-04-09 18:30:00,COALINDIA,29605732,42.53
2026-04-08 18:30:00,COALINDIA,9468415,41.4
2026-04-07 18:30:00,COALINDIA,20653569,53.7
2026-04-06 18:30:00,COALINDIA,11316785,55.79
2026-04-05 18:30:00,COALINDIA,12403745,50.38
2026-04-01 18:30:00,COALINDIA,6701003,38.57
2026-03-31 18:30:00,COALINDIA,14960312,47.46
2026-03-29 18:30:00,COALINDIA,19114688,44.0
2026-03-26 18:30:00,COALINDIA,17184280,56.44
2026-03-24 18:30:00,COALINDIA,8630612,48.43
2026-04-23 18:30:00,DRREDDY,5638719,37.82
2026-04-22 18:30:00,DRREDDY,16407707,21.14
2026-04-21 18:30:00,DRREDDY,1573272,60.98
2026-04-20 18:30:00,DRREDDY,1230733,53.75
2026-04-19 18:30:00,DRREDDY,1605279,64.01
2026-04-16 18:30:00,DRREDDY,2564061,68.56
2026-04-15 18:30:00,DRREDDY,2014236,51.08
2026-04-14 18:30:00,DRREDDY,4693413,45.02
2026-04-12 18:30:00,DRREDDY,1463269,51.56
2026-04-09 18:30:00,DRREDDY,1931448,64.76
2026-04-08 18:30:00,DRREDDY,2746602,62.19
2026-04-07 18:30:00,DRREDDY,2063229,52.56
2026-04-06 18:30:00,DRREDDY,2330512,39.59
2026-04-05 18:30:00,DRREDDY,1099471,45.26
2026-04-01 18:30:00,DRREDDY,3560727,58.26
2026-03-31 18:30:00,DRREDDY,2240507,50.07
2026-03-29 18:30:00,DRREDDY,1991442,46.46
2026-03-26 18:30:00,DRREDDY,2165113,63.06
2026-03-24 18:30:00,DRREDDY,1577150,59.88
2026-04-23 18:30:00,KOTAKBANK,19678907,74.19
2026-04-22 18:30:00,KOTAKBANK,27628052,68.54
2026-04-21 18:30:00,KOTAKBANK,14471487,71.86
2026-04-20 18:30:00,KOTAKBANK,12323488,70.66
2026-04-19 18:30:00,KOTAKBANK,11146713,60.89
2026-04-16 18:30:00,KOTAKBANK,11626179,68.28
2026-04-15 18:30:00,KOTAKBANK,12060624,56.35
2026-04-14 18:30:00,KOTAKBANK,19100372,66.54
2026-04-12 18:30:00,KOTAKBANK,30027087,64.1
2026-04-09 18:30:00,KOTAKBANK,23751660,66.44
2026-04-08 18:30:00,KOTAKBANK,12422256,58.75
2026-04-07 18:30:00,KOTAKBANK,30162218,67.02
2026-04-06 18:30:00,KOTAKBANK,23655155,65.83
2026-04-05 18:30:00,KOTAKBANK,18320378,59.75
2026-04-01 18:30:00,KOTAKBANK,22056018,65.99
2026-03-31 18:30:00,KOTAKBANK,21245776,61.99
2026-03-29 18:30:00,KOTAKBANK,39762775,49.38
2026-03-26 18:30:00,KOTAKBANK,28928069,74.68
2026-03-24 18:30:00,KOTAKBANK,42442702,61.06
2026-04-23 18:30:00,M&M,2300917,55.98
2026-04-22 18:30:00,M&M,4540875,62.84
2026-04-21 18:30:00,M&M,3096787,67.41
2026-04-20 18:30:00,M&M,1972188,65.92
2026-04-19 18:30:00,M&M,3201466,61.05
2026-04-16 18:30:00,M&M,2180404,55.76
2026-04-15 18:30:00,M&M,2678634,49.01
2026-04-14 18:30:00,M&M,2591177,52.21
2026-04-12 18:30:00,M&M,3183080,48.64
2026-04-09 18:30:00,M&M,2801451,47.11
2026-04-08 18:30:00,M&M,3039565,43.84
2026-04-07 18:30:00,M&M,4227961,48.71
2026-04-06 18:30:00,M&M,2292715,42.44
2026-04-05 18:30:00,M&M,2554900,48.8
2026-04-01 18:30:00,M&M,3297975,56.3
2026-03-31 18:30:00,M&M,3522875,59.28
2026-03-29 18:30:00,M&M,5416854,45.74
2026-03-26 18:30:00,M&M,3155168,59.2
2026-03-24 18:30:00,M&M,3328790,61.36
2026-04-23 18:30:00,TRENT,1622094,37.0
2026-04-22 18:30:00,TRENT,4802737,27.89
2026-04-21 18:30:00,TRENT,2596869,28.86
2026-04-20 18:30:00,TRENT,2438074,31.09
2026-04-19 18:30:00,TRENT,2228155,25.27
2026-04-16 18:30:00,TRENT,1248606,35.18
2026-04-15 18:30:00,TRENT,1392767,34.18
2026-04-14 18:30:00,TRENT,753162,48.26
2026-04-12 18:30:00,TRENT,426185,29.65
2026-04-09 18:30:00,TRENT,1186264,42.81
2026-04-08 18:30:00,TRENT,749640,33.56
2026-04-07 18:30:00,TRENT,1425604,33.78
2026-04-06 18:30:00,TRENT,1992402,34.97
2026-04-05 18:30:00,TRENT,4877807,30.87
2026-04-01 18:30:00,TRENT,1131209,40.4
2026-03-31 18:30:00,TRENT,1628959,39.03
2026-03-29 18:30:00,TRENT,1835877,51.68
2026-03-26 18:30:00,TRENT,1288297,51.69
2026-03-24 18:30:00,TRENT,1086467,41.74
2026-04-23 18:30:00,MARUTI,464098,59.35
2026-04-22 18:30:00,MARUTI,541086,58.91
2026-04-21 18:30:00,MARUTI,434640,58.91
2026-04-20 18:30:00,MARUTI,292879,49.22
2026-04-19 18:30:00,MARUTI,348629,50.97
2026-04-16 18:30:00,MARUTI,549308,46.75
2026-04-15 18:30:00,MARUTI,527309,47.86
2026-04-14 18:30:00,MARUTI,699458,57.14
2026-04-12 18:30:00,MARUTI,1347910,51.82
2026-04-09 18:30:00,MARUTI,471921,55.2
2026-04-08 18:30:00,MARUTI,549914,41.11
2026-04-07 18:30:00,MARUTI,1026292,63.26
2026-04-06 18:30:00,MARUTI,359542,49.38
2026-04-05 18:30:00,MARUTI,382650,44.82
2026-04-01 18:30:00,MARUTI,438227,44.43
2026-03-31 18:30:00,MARUTI,501882,44.23
2026-03-29 18:30:00,MARUTI,635675,52.2
2026-03-26 18:30:00,MARUTI,775339,68.65
2026-03-24 18:30:00,MARUTI,540649,61.14
2026-04-23 18:30:00,CIPLA,4427307,46.71
2026-04-22 18:30:00,CIPLA,5274028,38.59
2026-04-21 18:30:00,CIPLA,1172238,65.45
2026-04-20 18:30:00,CIPLA,1428292,71.61
2026-04-19 18:30:00,CIPLA,1158618,47.43
2026-04-16 18:30:00,CIPLA,2291092,71.99
2026-04-15 18:30:00,CIPLA,1778133,61.32
2026-04-14 18:30:00,CIPLA,1297882,70.42
2026-04-12 18:30:00,CIPLA,1611654,61.2
2026-04-09 18:30:00,CIPLA,2086385,64.69
2026-04-08 18:30:00,CIPLA,2545266,65.87
2026-04-07 18:30:00,CIPLA,2476674,56.72
2026-04-06 18:30:00,CIPLA,2046737,60.04
2026-04-05 18:30:00,CIPLA,2188849,55.89
2026-04-01 18:30:00,CIPLA,3128666,66.02
2026-03-31 18:30:00,CIPLA,2180444,56.23
2026-03-29 18:30:00,CIPLA,2089130,50.62
2026-03-26 18:30:00,CIPLA,2220695,59.6
2026-03-24 18:30:00,CIPLA,1466775,51.25
2026-04-23 18:30:00,BEL,11651499,44.21
2026-04-22 18:30:00,BEL,15021500,36.27
2026-04-21 18:30:00,BEL,11538028,46.1
2026-04-20 18:30:00,BEL,13492130,50.04
2026-04-19 18:30:00,BEL,9914017,53.35
2026-04-16 18:30:00,BEL,14128030,44.97
2026-04-15 18:30:00,BEL,12197884,44.76
2026-04-14 18:30:00,BEL,9915383,58.19
2026-04-12 18:30:00,BEL,15149734,45.07
2026-04-09 18:30:00,BEL,10833065,40.47
2026-04-08 18:30:00,BEL,19917307,36.91
2026-04-07 18:30:00,BEL,20054221,42.97
2026-04-06 18:30:00,BEL,11417162,43.3
2026-04-05 18:30:00,BEL,12327836,40.78
2026-04-01 18:30:00,BEL,19686517,35.92
2026-03-31 18:30:00,BEL,25301241,29.91
2026-03-29 18:30:00,BEL,22694742,38.44
2026-03-26 18:30:00,BEL,21818224,58.32
2026-03-24 18:30:00,BEL,15134997,46.96
2026-04-23 18:30:00,ADANIENT,2271317,23.56
2026-04-22 18:30:00,ADANIENT,2948009,29.26
2026-04-21 18:30:00,ADANIENT,3517237,46.25
2026-04-20 18:30:00,ADANIENT,1818221,46.81
2026-04-19 18:30:00,ADANIENT,1795338,29.34
2026-04-16 18:30:00,ADANIENT,2408901,24.01
2026-04-15 18:30:00,ADANIENT,2188912,25.01
2026-04-14 18:30:00,ADANIENT,1779015,30.33
2026-04-12 18:30:00,ADANIENT,3729773,19.46
2026-04-09 18:30:00,ADANIENT,1700162,33.04
2026-04-08 18:30:00,ADANIENT,2481188,40.05
2026-04-07 18:30:00,ADANIENT,4197831,19.58
2026-04-06 18:30:00,ADANIENT,1566909,30.81
2026-04-05 18:30:00,ADANIENT,3153437,37.1
2026-04-01 18:30:00,ADANIENT,1830598,23.33
2026-03-31 18:30:00,ADANIENT,2328166,34.18
2026-03-29 18:30:00,ADANIENT,2825299,41.52
2026-03-26 18:30:00,ADANIENT,2585257,55.49
2026-03-24 18:30:00,ADANIENT,2537690,33.43
2026-04-23 18:30:00,ITC,17011704,69.0
2026-04-22 18:30:00,ITC,10701849,58.88
2026-04-21 18:30:00,ITC,24500511,59.55
2026-04-20 18:30:00,ITC,24411865,63.82
2026-04-19 18:30:00,ITC,13540471,63.67
2026-04-16 18:30:00,ITC,35111203,47.47
2026-04-15 18:30:00,ITC,16512053,50.45
2026-04-14 18:30:00,ITC,18701403,68.22
2026-04-12 18:30:00,ITC,16522014,57.59
2026-04-09 18:30:00,ITC,17744386,64.26
2026-04-08 18:30:00,ITC,17691477,66.83
2026-04-07 18:30:00,ITC,22310207,64.58
2026-04-06 18:30:00,ITC,26963485,57.72
2026-04-05 18:30:00,ITC,18047063,56.25
2026-04-01 18:30:00,ITC,18082775,49.49
2026-03-31 18:30:00,ITC,18604340,54.84
2026-03-29 18:30:00,ITC,24586921,57.66
2026-03-26 18:30:00,ITC,22179022,64.2
2026-03-24 18:30:00,ITC,26184716,59.61
2026-04-23 18:30:00,TECHM,3693260,45.1
2026-04-22 18:30:00,TECHM,4101549,45.53
2026-04-21 18:30:00,TECHM,11668801,34.61
2026-04-20 18:30:00,TECHM,2001948,61.28
2026-04-19 18:30:00,TECHM,1341688,42.95
2026-04-16 18:30:00,TECHM,1859402,50.8
2026-04-15 18:30:00,TECHM,1768783,47.14
2026-04-14 18:30:00,TECHM,1678561,60.99
2026-04-12 18:30:00,TECHM,1285567,44.14
2026-04-09 18:30:00,TECHM,2045026,44.6
2026-04-08 18:30:00,TECHM,1805451,39.88
2026-04-07 18:30:00,TECHM,2736951,45.76
2026-04-06 18:30:00,TECHM,1673236,43.62
2026-04-05 18:30:00,TECHM,1476736,45.15
2026-04-01 18:30:00,TECHM,2501510,46.64
2026-03-31 18:30:00,TECHM,1624500,53.35
2026-03-29 18:30:00,TECHM,3048646,37.95
2026-03-26 18:30:00,TECHM,2584016,49.9
2026-03-24 18:30:00,TECHM,4938929,42.66
2026-04-23 18:30:00,AXISBANK,3648313,59.98
2026-04-22 18:30:00,AXISBANK,5671255,56.95
2026-04-21 18:30:00,AXISBANK,3997911,58.02
2026-04-20 18:30:00,AXISBANK,5145338,52.5
2026-04-19 18:30:00,AXISBANK,4878641,55.43
2026-04-16 18:30:00,AXISBANK,4062181,59.96
2026-04-15 18:30:00,AXISBANK,5232398,37.81
2026-04-14 18:30:00,AXISBANK,6789879,63.96
2026-04-12 18:30:00,AXISBANK,8974851,56.09
2026-04-09 18:30:00,AXISBANK,6755589,59.96
2026-04-08 18:30:00,AXISBANK,6542529,40.81
2026-04-07 18:30:00,AXISBANK,13519723,66.08
2026-04-06 18:30:00,AXISBANK,9248545,58.09
2026-04-05 18:30:00,AXISBANK,7847086,48.45
2026-04-01 18:30:00,AXISBANK,9501543,47.32
2026-03-31 18:30:00,AXISBANK,6595695,53.81
2026-03-29 18:30:00,AXISBANK,18534887,47.82
2026-03-26 18:30:00,AXISBANK,9479301,65.49
2026-03-24 18:30:00,AXISBANK,9645791,63.63
2026-04-23 18:30:00,NESTLEIND,3419416,58.84
2026-04-22 18:30:00,NESTLEIND,2963135,48.85
2026-04-21 18:30:00,NESTLEIND,7723484,30.87
2026-04-20 18:30:00,NESTLEIND,9586515,28.2
2026-04-19 18:30:00,NESTLEIND,1156327,47.28
2026-04-16 18:30:00,NESTLEIND,1994195,55.15
2026-04-15 18:30:00,NESTLEIND,1126023,54.82
2026-04-14 18:30:00,NESTLEIND,1236533,61.64
2026-04-12 18:30:00,NESTLEIND,1346881,55.36
2026-04-09 18:30:00,NESTLEIND,1358310,62.71
2026-04-08 18:30:00,NESTLEIND,1258634,52.77
2026-04-07 18:30:00,NESTLEIND,1638620,51.41
2026-04-06 18:30:00,NESTLEIND,1434686,62.88
2026-04-05 18:30:00,NESTLEIND,1460974,55.63
2026-04-01 18:30:00,NESTLEIND,1357820,57.2
2026-03-31 18:30:00,NESTLEIND,1836376,61.02
2026-03-29 18:30:00,NESTLEIND,1814954,42.45
2026-03-26 18:30:00,NESTLEIND,2005121,66.94
2026-03-24 18:30:00,NESTLEIND,1003662,63.14
2026-04-23 18:30:00,HINDALCO,4526003,52.2
2026-04-22 18:30:00,HINDALCO,4370028,58.24
2026-04-21 18:30:00,HINDALCO,4474181,53.2
2026-04-20 18:30:00,HINDALCO,3002043,59.99
2026-04-19 18:30:00,HINDALCO,4286182,50.01
2026-04-16 18:30:00,HINDALCO,4301884,48.33
2026-04-15 18:30:00,HINDALCO,10942179,58.31
2026-04-14 18:30:00,HINDALCO,11075349,59.98
2026-04-12 18:30:00,HINDALCO,4754347,45.54
2026-04-09 18:30:00,HINDALCO,6013190,52.76
2026-04-08 18:30:00,HINDALCO,9386595,37.66
2026-04-07 18:30:00,HINDALCO,8174489,49.72
2026-04-06 18:30:00,HINDALCO,11877733,40.64
2026-04-05 18:30:00,HINDALCO,5555538,50.58
2026-04-01 18:30:00,HINDALCO,7698211,50.93
2026-03-31 18:30:00,HINDALCO,7777034,47.98
2026-03-29 18:30:00,HINDALCO,12727309,25.41
2026-03-26 18:30:00,HINDALCO,4104597,48.53
2026-03-24 18:30:00,HINDALCO,4491373,57.32
2026-04-23 18:30:00,TATASTEEL,22379072,51.02
2026-04-22 18:30:00,TATASTEEL,19304122,43.2
2026-04-21 18:30:00,TATASTEEL,20795714,34.09
2026-04-20 18:30:00,TATASTEEL,17427021,37.26
2026-04-19 18:30:00,TATASTEEL,24992602,42.73
2026-04-16 18:30:00,TATASTEEL,22837792,36.4
2026-04-15 18:30:00,TATASTEEL,26751249,36.69
2026-04-14 18:30:00,TATASTEEL,30858355,44.73
2026-04-12 18:30:00,TATASTEEL,25848544,29.03
2026-04-09 18:30:00,TATASTEEL,28385501,39.04
2026-04-08 18:30:00,TATASTEEL,36853400,41.54
2026-04-07 18:30:00,TATASTEEL,37018381,49.95
2026-04-06 18:30:00,TATASTEEL,32090982,42.84
2026-04-05 18:30:00,TATASTEEL,28115748,34.98
2026-04-01 18:30:00,TATASTEEL,27633959,34.97
2026-03-31 18:30:00,TATASTEEL,35813622,41.95
2026-03-29 18:30:00,TATASTEEL,45914996,39.19
2026-03-26 18:30:00,TATASTEEL,36938046,52.9
2026-03-24 18:30:00,TATASTEEL,34767360,45.6
2026-04-23 18:30:00,TITAN,958536,60.75
2026-04-22 18:30:00,TITAN,680187,49.73
2026-04-21 18:30:00,TITAN,596352,49.08
2026-04-20 18:30:00,TITAN,656106,56.24
2026-04-19 18:30:00,TITAN,1646815,61.93
2026-04-16 18:30:00,TITAN,2124034,46.87
2026-04-15 18:30:00,TITAN,1283713,52.91
2026-04-14 18:30:00,TITAN,918513,55.52
2026-04-12 18:30:00,TITAN,850456,50.22
2026-04-09 18:30:00,TITAN,1565192,59.29
2026-04-08 18:30:00,TITAN,1385274,62.92
2026-04-07 18:30:00,TITAN,3834533,55.31
2026-04-06 18:30:00,TITAN,1274146,58.81
2026-04-05 18:30:00,TITAN,1678285,52.49
2026-04-01 18:30:00,TITAN,1614868,60.04
2026-03-31 18:30:00,TITAN,781974,50.21
2026-03-29 18:30:00,TITAN,1488223,49.38
2026-03-26 18:30:00,TITAN,1040658,57.42
2026-03-24 18:30:00,TITAN,1306823,52.77
2026-04-23 18:30:00,ULTRACEMCO,349586,60.53
2026-04-22 18:30:00,ULTRACEMCO,227223,51.51
2026-04-21 18:30:00,ULTRACEMCO,312307,57.43
2026-04-20 18:30:00,ULTRACEMCO,320111,53.11
2026-04-19 18:30:00,ULTRACEMCO,335624,58.3
2026-04-16 18:30:00,ULTRACEMCO,165109,55.19
2026-04-15 18:30:00,ULTRACEMCO,308549,59.68
2026-04-14 18:30:00,ULTRACEMCO,274811,62.41
2026-04-12 18:30:00,ULTRACEMCO,220442,49.23
2026-04-09 18:30:00,ULTRACEMCO,420339,66.78
2026-04-08 18:30:00,ULTRACEMCO,330553,52.33
2026-04-07 18:30:00,ULTRACEMCO,612764,61.51
2026-04-06 18:30:00,ULTRACEMCO,263658,54.06
2026-04-05 18:30:00,ULTRACEMCO,374420,53.92
2026-04-01 18:30:00,ULTRACEMCO,333524,55.75
2026-03-31 18:30:00,ULTRACEMCO,431636,56.36
2026-03-29 18:30:00,ULTRACEMCO,632265,37.27
2026-03-26 18:30:00,ULTRACEMCO,418469,57.95
2026-03-24 18:30:00,ULTRACEMCO,456437,59.49
2026-04-23 18:30:00,HINDUNILVR,1676706,58.02
2026-04-22 18:30:00,HINDUNILVR,2063531,57.82
2026-04-21 18:30:00,HINDUNILVR,5558325,62.76
2026-04-20 18:30:00,HINDUNILVR,3217281,62.26
2026-04-19 18:30:00,HINDUNILVR,1460822,56.16
2026-04-16 18:30:00,HINDUNILVR,4882697,58.1
2026-04-15 18:30:00,HINDUNILVR,1845734,56.6
2026-04-14 18:30:00,HINDUNILVR,1552971,61.71
2026-04-12 18:30:00,HINDUNILVR,1994541,55.21
2026-04-09 18:30:00,HINDUNILVR,2144484,61.91
2026-04-08 18:30:00,HINDUNILVR,2506245,56.6
2026-04-07 18:30:00,HINDUNILVR,3794437,60.7
2026-04-06 18:30:00,HINDUNILVR,2709707,57.51
2026-04-05 18:30:00,HINDUNILVR,1661298,58.69
2026-04-01 18:30:00,HINDUNILVR,1431905,53.04
2026-03-31 18:30:00,HINDUNILVR,2028470,62.08
2026-03-29 18:30:00,HINDUNILVR,2482193,43.86
2026-03-26 18:30:00,HINDUNILVR,2789151,66.75
2026-03-24 18:30:00,HINDUNILVR,2069217,64.12
2026-04-23 18:30:00,BAJFINANCE,3982355,48.29
2026-04-22 18:30:00,BAJFINANCE,9143598,49.54
2026-04-21 18:30:00,BAJFINANCE,5759028,54.51
2026-04-20 18:30:00,BAJFINANCE,6713975,48.42
2026-04-19 18:30:00,BAJFINANCE,6184179,54.19
2026-04-16 18:30:00,BAJFINANCE,6035241,63.34
2026-04-15 18:30:00,BAJFINANCE,11805227,57.72
2026-04-14 18:30:00,BAJFINANCE,5975197,53.2
2026-04-12 18:30:00,BAJFINANCE,10723313,48.24
2026-04-09 18:30:00,BAJFINANCE,9491544,61.42
2026-04-08 18:30:00,BAJFINANCE,9457820,50.77
2026-04-07 18:30:00,BAJFINANCE,13826150,54.27
2026-04-06 18:30:00,BAJFINANCE,11569047,44.94
2026-04-05 18:30:00,BAJFINANCE,12504591,53.61
2026-04-01 18:30:00,BAJFINANCE,9113618,44.61
2026-03-31 18:30:00,BAJFINANCE,15094026,62.47
2026-03-29 18:30:00,BAJFINANCE,20377282,58.12
2026-03-26 18:30:00,BAJFINANCE,11282824,62.4
2026-03-24 18:30:00,BAJFINANCE,15995501,66.76
2026-04-23 18:30:00,ADANIPORTS,2290223,44.39
2026-04-22 18:30:00,ADANIPORTS,2406876,46.82
2026-04-21 18:30:00,ADANIPORTS,1918773,41.71
2026-04-20 18:30:00,ADANIPORTS,4276868,64.95
2026-04-19 18:30:00,ADANIPORTS,2998603,43.76
2026-04-16 18:30:00,ADANIPORTS,6024587,63.25
2026-04-15 18:30:00,ADANIPORTS,7476052,62.12
2026-04-14 18:30:00,ADANIPORTS,4415637,51.36
2026-04-12 18:30:00,ADANIPORTS,3629785,39.3
2026-04-09 18:30:00,ADANIPORTS,4026881,41.1
2026-04-08 18:30:00,ADANIPORTS,3159307,34.93
2026-04-07 18:30:00,ADANIPORTS,7636467,33.11
2026-04-06 18:30:00,ADANIPORTS,1812944,47.0
2026-04-05 18:30:00,ADANIPORTS,2519628,29.17
2026-04-01 18:30:00,ADANIPORTS,3210456,42.67
2026-03-31 18:30:00,ADANIPORTS,3684039,45.79
2026-03-29 18:30:00,ADANIPORTS,2856500,51.78
2026-03-26 18:30:00,ADANIPORTS,2667313,58.26
2026-03-24 18:30:00,ADANIPORTS,1856531,43.54
2026-04-23 18:30:00,ONGC,11789941,55.62
2026-04-22 18:30:00,ONGC,13525025,47.32
2026-04-21 18:30:00,ONGC,7395183,53.93
2026-04-20 18:30:00,ONGC,13645673,69.59
2026-04-19 18:30:00,ONGC,11057036,62.81
2026-04-16 18:30:00,ONGC,17846605,66.57
2026-04-15 18:30:00,ONGC,13626398,49.97
2026-04-14 18:30:00,ONGC,16529148,48.42
2026-04-12 18:30:00,ONGC,23986567,23.66
2026-04-09 18:30:00,ONGC,12889209,43.77
2026-04-08 18:30:00,ONGC,13585661,41.45
2026-04-07 18:30:00,ONGC,42071040,39.9
2026-04-06 18:30:00,ONGC,22891122,46.56
2026-04-05 18:30:00,ONGC,24449779,52.13
2026-04-01 18:30:00,ONGC,20935809,45.97
2026-03-31 18:30:00,ONGC,31626297,47.55
2026-03-29 18:30:00,ONGC,44866906,40.19
2026-03-26 18:30:00,ONGC,60048871,35.71
2026-03-24 18:30:00,ONGC,13380625,63.84
2026-04-23 18:30:00,INDIGO,731221,48.75
2026-04-22 18:30:00,INDIGO,1024694,49.36
2026-04-21 18:30:00,INDIGO,1082869,52.48
2026-04-20 18:30:00,INDIGO,850836,50.99
2026-04-19 18:30:00,INDIGO,1026819,49.32
2026-04-16 18:30:00,INDIGO,762531,42.22
2026-04-15 18:30:00,INDIGO,1474798,45.71
2026-04-14 18:30:00,INDIGO,1623094,34.32
2026-04-12 18:30:00,INDIGO,1662563,31.57
2026-04-09 18:30:00,INDIGO,1296004,38.04
2026-04-08 18:30:00,INDIGO,1904534,41.98
2026-04-07 18:30:00,INDIGO,5538528,37.41
2026-04-06 18:30:00,INDIGO,1488156,29.67
2026-04-05 18:30:00,INDIGO,1802863,24.78
2026-04-01 18:30:00,INDIGO,2222700,26.1
2026-03-31 18:30:00,INDIGO,4361610,34.68
2026-03-29 18:30:00,INDIGO,2450995,32.06
2026-03-26 18:30:00,INDIGO,1693708,42.93
2026-03-24 18:30:00,INDIGO,2206366,55.56
2026-04-23 18:30:00,APOLLOHOSP,407458,58.06
2026-04-22 18:30:00,APOLLOHOSP,304110,50.67
2026-04-21 18:30:00,APOLLOHOSP,608446,60.24
2026-04-20 18:30:00,APOLLOHOSP,312758,59.55
2026-04-19 18:30:00,APOLLOHOSP,344019,54.3
2026-04-16 18:30:00,APOLLOHOSP,343875,60.4
2026-04-15 18:30:00,APOLLOHOSP,400487,58.46
2026-04-14 18:30:00,APOLLOHOSP,464570,54.34
2026-04-12 18:30:00,APOLLOHOSP,310575,55.77
2026-04-09 18:30:00,APOLLOHOSP,437163,59.41
2026-04-08 18:30:00,APOLLOHOSP,416753,56.16
2026-04-07 18:30:00,APOLLOHOSP,387242,53.37
2026-04-06 18:30:00,APOLLOHOSP,311560,52.23
2026-04-05 18:30:00,APOLLOHOSP,360086,53.07
2026-04-01 18:30:00,APOLLOHOSP,338111,53.34
2026-03-31 18:30:00,APOLLOHOSP,618068,58.57
2026-03-29 18:30:00,APOLLOHOSP,764508,30.73
2026-03-26 18:30:00,APOLLOHOSP,533512,60.15
2026-03-24 18:30:00,APOLLOHOSP,450043,61.52
2026-04-23 18:30:00,POWERGRID,9980241,65.62
2026-04-22 18:30:00,POWERGRID,7294961,63.72
2026-04-21 18:30:00,POWERGRID,7112538,56.54
2026-04-20 18:30:00,POWERGRID,8342335,63.69
2026-04-19 18:30:00,POWERGRID,10955277,55.44
2026-04-16 18:30:00,POWERGRID,13609827,62.67
2026-04-15 18:30:00,POWERGRID,21510277,60.19
2026-04-14 18:30:00,POWERGRID,21897202,64.4
2026-04-12 18:30:00,POWERGRID,15681799,62.41
2026-04-09 18:30:00,POWERGRID,13245074,67.46
2026-04-08 18:30:00,POWERGRID,17644642,60.14
2026-04-07 18:30:00,POWERGRID,10887876,54.99
2026-04-06 18:30:00,POWERGRID,9318575,53.81
2026-04-05 18:30:00,POWERGRID,9291741,46.44
2026-04-01 18:30:00,POWERGRID,17222200,59.15
2026-03-31 18:30:00,POWERGRID,18635698,57.13
2026-03-29 18:30:00,POWERGRID,23105779,57.84
2026-03-26 18:30:00,POWERGRID,27444747,70.89
2026-03-24 18:30:00,POWERGRID,16423641,58.74
2026-04-23 18:30:00,GRASIM,1109759,62.52
2026-04-22 18:30:00,GRASIM,859207,59.05
2026-04-21 18:30:00,GRASIM,924150,57.65
2026-04-20 18:30:00,GRASIM,686149,53.31
2026-04-19 18:30:00,GRASIM,702964,49.61
2026-04-16 18:30:00,GRASIM,427517,55.87
2026-04-15 18:30:00,GRASIM,803379,59.9
2026-04-14 18:30:00,GRASIM,665607,62.79
2026-04-12 18:30:00,GRASIM,1259991,57.7
2026-04-09 18:30:00,GRASIM,611392,57.88
2026-04-08 18:30:00,GRASIM,788928,58.31
2026-04-07 18:30:00,GRASIM,816578,48.54
2026-04-06 18:30:00,GRASIM,632051,55.3
2026-04-05 18:30:00,GRASIM,720478,53.12
2026-04-01 18:30:00,GRASIM,522088,48.91
2026-03-31 18:30:00,GRASIM,651446,55.54
2026-03-29 18:30:00,GRASIM,1978678,50.08
2026-03-26 18:30:00,GRASIM,2406056,60.6
2026-03-24 18:30:00,GRASIM,1656810,58.34
2026-04-23 18:30:00,EICHERMOT,413746,45.79
2026-04-22 18:30:00,EICHERMOT,481927,52.33
2026-04-21 18:30:00,EICHERMOT,497850,54.98
2026-04-20 18:30:00,EICHERMOT,353002,58.26
2026-04-19 18:30:00,EICHERMOT,695282,55.54
2026-04-16 18:30:00,EICHERMOT,582841,59.09
2026-04-15 18:30:00,EICHERMOT,573155,50.81
2026-04-14 18:30:00,EICHERMOT,913138,56.92
2026-04-12 18:30:00,EICHERMOT,1246861,52.85
2026-04-09 18:30:00,EICHERMOT,705365,40.95
2026-04-08 18:30:00,EICHERMOT,648216,51.03
2026-04-07 18:30:00,EICHERMOT,917337,46.99
2026-04-06 18:30:00,EICHERMOT,1150553,54.51
2026-04-05 18:30:00,EICHERMOT,971230,61.87
2026-04-01 18:30:00,EICHERMOT,660432,55.0
2026-03-31 18:30:00,EICHERMOT,736957,63.24
2026-03-29 18:30:00,EICHERMOT,1015357,44.03
2026-03-26 18:30:00,EICHERMOT,533428,55.42
2026-03-24 18:30:00,EICHERMOT,490390,54.54
2026-04-23 18:30:00,MAXHEALTH,2553726,53.48
2026-04-22 18:30:00,MAXHEALTH,1393123,43.4
2026-04-21 18:30:00,MAXHEALTH,1410740,43.72
2026-04-20 18:30:00,MAXHEALTH,1321746,68.5
2026-04-19 18:30:00,MAXHEALTH,2301160,58.12
2026-04-16 18:30:00,MAXHEALTH,1640745,58.68
2026-04-15 18:30:00,MAXHEALTH,3370119,62.68
2026-04-14 18:30:00,MAXHEALTH,2759016,54.99
2026-04-12 18:30:00,MAXHEALTH,2381565,48.35
2026-04-09 18:30:00,MAXHEALTH,4011184,58.84
2026-04-08 18:30:00,MAXHEALTH,3558583,54.37
2026-04-07 18:30:00,MAXHEALTH,3351069,59.19
2026-04-06 18:30:00,MAXHEALTH,4402777,46.15
2026-04-05 18:30:00,MAXHEALTH,4605503,61.28
2026-04-01 18:30:00,MAXHEALTH,1889808,58.46
2026-03-31 18:30:00,MAXHEALTH,2467966,54.17
2026-03-29 18:30:00,MAXHEALTH,4941358,54.04
2026-03-26 18:30:00,MAXHEALTH,2557821,63.17
2026-03-24 18:30:00,MAXHEALTH,2719592,58.82
2026-03-23 18:30:00,MAXHEALTH,2455952,52.21
2026-04-23 18:30:00,NTPC,6266676,67.44
2026-04-22 18:30:00,NTPC,9144699,61.08
2026-04-21 18:30:00,NTPC,16411131,61.65
2026-04-20 18:30:00,NTPC,9493644,56.88
2026-04-19 18:30:00,NTPC,9895187,54.05
2026-04-16 18:30:00,NTPC,15320653,64.05
2026-04-15 18:30:00,NTPC,9896906,49.11
2026-04-14 18:30:00,NTPC,7722460,54.07
2026-04-12 18:30:00,NTPC,15240045,43.78
2026-04-09 18:30:00,NTPC,14953758,54.05
2026-04-08 18:30:00,NTPC,18503665,50.72
2026-04-07 18:30:00,NTPC,19491331,62.4
2026-04-06 18:30:00,NTPC,12603971,63.98
2026-04-05 18:30:00,NTPC,11534034,57.82
2026-04-01 18:30:00,NTPC,16551512,56.37
2026-03-31 18:30:00,NTPC,15449629,58.75
2026-03-29 18:30:00,NTPC,17974103,54.4
2026-03-26 18:30:00,NTPC,20263654,75.15
2026-03-24 18:30:00,NTPC,9266292,62.38
2026-04-23 18:30:00,JSWSTEEL,1996768,53.27
2026-04-22 18:30:00,JSWSTEEL,1715185,46.87
2026-04-21 18:30:00,JSWSTEEL,2882614,59.7
2026-04-20 18:30:00,JSWSTEEL,2108883,41.42
2026-04-19 18:30:00,JSWSTEEL,4606071,64.57
2026-04-16 18:30:00,JSWSTEEL,1875945,46.06
2026-04-15 18:30:00,JSWSTEEL,2686363,55.82
2026-04-14 18:30:00,JSWSTEEL,1404182,55.34
2026-04-12 18:30:00,JSWSTEEL,1031668,35.38
2026-04-09 18:30:00,JSWSTEEL,1719725,49.88
2026-04-08 18:30:00,JSWSTEEL,2563654,45.6
2026-04-07 18:30:00,JSWSTEEL,2383883,46.93
2026-04-06 18:30:00,JSWSTEEL,3158128,49.52
2026-04-05 18:30:00,JSWSTEEL,3213623,48.07
2026-04-01 18:30:00,JSWSTEEL,2208479,43.06
2026-03-31 18:30:00,JSWSTEEL,2025282,49.34
2026-03-29 18:30:00,JSWSTEEL,2454814,39.48
2026-03-26 18:30:00,JSWSTEEL,2750813,63.23
2026-03-24 18:30:00,JSWSTEEL,1632217,47.96
2026-04-23 18:30:00,TMPV,5722477,45.09
2026-04-22 18:30:00,TMPV,11374109,50.58
2026-04-21 18:30:00,TMPV,14994313,46.04
2026-04-20 18:30:00,TMPV,5922373,56.74
2026-04-19 18:30:00,TMPV,7216605,37.95
2026-04-16 18:30:00,TMPV,7314044,46.28
2026-04-15 18:30:00,TMPV,6871023,37.26
2026-04-14 18:30:00,TMPV,12495093,33.28
2026-04-12 18:30:00,TMPV,13113105,41.77
2026-04-09 18:30:00,TMPV,10666149,49.97
2026-04-08 18:30:00,TMPV,11110200,44.88
2026-04-07 18:30:00,TMPV,20930060,38.91
2026-04-06 18:30:00,TMPV,8543428,45.98
2026-04-05 18:30:00,TMPV,6425909,35.91
2026-04-01 18:30:00,TMPV,9098035,42.43
2026-03-31 18:30:00,TMPV,8911554,45.89
2026-03-29 18:30:00,TMPV,16410266,42.77
2026-03-26 18:30:00,TMPV,19009638,44.29
2026-03-24 18:30:00,TMPV,7857557,44.95
2026-04-23 18:30:00,BAJAJ-AUTO,190469,29.97
2026-04-22 18:30:00,BAJAJ-AUTO,444028,61.8
2026-04-21 18:30:00,BAJAJ-AUTO,301870,60.97
2026-04-20 18:30:00,BAJAJ-AUTO,291287,62.11
2026-04-19 18:30:00,BAJAJ-AUTO,349985,62.01
2026-04-16 18:30:00,BAJAJ-AUTO,264575,52.74
2026-04-15 18:30:00,BAJAJ-AUTO,479220,54.45
2026-04-14 18:30:00,BAJAJ-AUTO,551624,57.2
2026-04-12 18:30:00,BAJAJ-AUTO,363886,35.35
2026-04-09 18:30:00,BAJAJ-AUTO,738971,50.7
2026-04-08 18:30:00,BAJAJ-AUTO,539407,29.08
2026-04-07 18:30:00,BAJAJ-AUTO,474100,57.69
2026-04-06 18:30:00,BAJAJ-AUTO,376810,41.89
2026-04-05 18:30:00,BAJAJ-AUTO,313792,46.7
2026-04-01 18:30:00,BAJAJ-AUTO,254975,36.59
2026-03-31 18:30:00,BAJAJ-AUTO,416423,59.19
2026-03-29 18:30:00,BAJAJ-AUTO,325094,39.55
2026-03-26 18:30:00,BAJAJ-AUTO,326675,47.95
2026-03-24 18:30:00,BAJAJ-AUTO,438761,55.93
2026-04-23 18:30:00,HDFCLIFE,2806940,49.91
2026-04-22 18:30:00,HDFCLIFE,4485591,56.4
2026-04-21 18:30:00,HDFCLIFE,3995083,63.94
2026-04-20 18:30:00,HDFCLIFE,4800986,57.41
2026-04-19 18:30:00,HDFCLIFE,4980912,64.24
2026-04-16 18:30:00,HDFCLIFE,8161002,39.28
2026-04-15 18:30:00,HDFCLIFE,3022526,44.46
2026-04-14 18:30:00,HDFCLIFE,5737074,60.27
2026-04-12 18:30:00,HDFCLIFE,5549755,41.07
2026-04-09 18:30:00,HDFCLIFE,4385843,62.79
2026-04-08 18:30:00,HDFCLIFE,3912249,62.49
2026-04-07 18:30:00,HDFCLIFE,5911479,65.36
2026-04-06 18:30:00,HDFCLIFE,3550393,71.85
2026-04-05 18:30:00,HDFCLIFE,4333557,58.83
2026-04-01 18:30:00,HDFCLIFE,5837873,54.71
2026-03-31 18:30:00,HDFCLIFE,9823726,59.63
2026-03-29 18:30:00,HDFCLIFE,6294260,50.94
2026-03-26 18:30:00,HDFCLIFE,4422345,62.65
2026-03-24 18:30:00,HDFCLIFE,2915736,61.89
2026-04-23 18:30:00,BAJAJFINSV,920624,60.56
2026-04-22 18:30:00,BAJAJFINSV,910293,48.59
2026-04-21 18:30:00,BAJAJFINSV,739941,51.05
2026-04-20 18:30:00,BAJAJFINSV,952364,53.3
2026-04-19 18:30:00,BAJAJFINSV,903716,55.91
2026-04-16 18:30:00,BAJAJFINSV,487836,51.52
2026-04-15 18:30:00,BAJAJFINSV,1035217,51.37
2026-04-14 18:30:00,BAJAJFINSV,1066065,59.79
2026-04-12 18:30:00,BAJAJFINSV,1243242,53.54
2026-04-09 18:30:00,BAJAJFINSV,983497,55.02
2026-04-08 18:30:00,BAJAJFINSV,1510841,57.17
2026-04-07 18:30:00,BAJAJFINSV,2059323,49.76
2026-04-06 18:30:00,BAJAJFINSV,2860538,70.27
2026-04-05 18:30:00,BAJAJFINSV,1215027,56.74
2026-04-01 18:30:00,BAJAJFINSV,2284337,56.7
2026-03-31 18:30:00,BAJAJFINSV,1796540,65.82
2026-03-29 18:30:00,BAJAJFINSV,3272392,51.17
2026-03-26 18:30:00,BAJAJFINSV,2522237,64.85
2026-03-24 18:30:00,BAJAJFINSV,1865278,60.86
2026-04-23 18:30:00,TATACONSUM,1235448,38.95
2026-04-22 18:30:00,TATACONSUM,1581113,56.67
2026-04-21 18:30:00,TATACONSUM,4284220,58.95
2026-04-20 18:30:00,TATACONSUM,1072221,49.98
2026-04-19 18:30:00,TATACONSUM,1132404,58.92
2026-04-16 18:30:00,TATACONSUM,1287668,43.24
2026-04-15 18:30:00,TATACONSUM,1439626,55.12
2026-04-14 18:30:00,TATACONSUM,1384602,68.4
2026-04-12 18:30:00,TATACONSUM,1688476,59.54
2026-04-09 18:30:00,TATACONSUM,1580158,69.25
2026-04-08 18:30:00,TATACONSUM,2167226,60.92
2026-04-07 18:30:00,TATACONSUM,1950233,59.8
2026-04-06 18:30:00,TATACONSUM,1342335,51.3
2026-04-05 18:30:00,TATACONSUM,2179297,59.92
2026-04-01 18:30:00,TATACONSUM,2586178,60.11
2026-03-31 18:30:00,TATACONSUM,1309809,57.45
2026-03-29 18:30:00,TATACONSUM,1801570,42.83
2026-03-26 18:30:00,TATACONSUM,1815831,61.76
2026-03-24 18:30:00,TATACONSUM,1566241,63.72
2026-04-23 18:30:00,ASIANPAINT,436871,45.54
2026-04-22 18:30:00,ASIANPAINT,1378614,57.21
2026-04-21 18:30:00,ASIANPAINT,1126584,44.35
2026-04-20 18:30:00,ASIANPAINT,1681872,39.69
2026-04-19 18:30:00,ASIANPAINT,1203157,54.95
2026-04-16 18:30:00,ASIANPAINT,1286575,55.32
2026-04-15 18:30:00,ASIANPAINT,1496210,60.63
2026-04-14 18:30:00,ASIANPAINT,1182431,51.13
2026-04-12 18:30:00,ASIANPAINT,1734562,37.6
2026-04-09 18:30:00,ASIANPAINT,3018178,47.38
2026-04-08 18:30:00,ASIANPAINT,1980060,68.77
2026-04-07 18:30:00,ASIANPAINT,2914767,55.58
2026-04-06 18:30:00,ASIANPAINT,1793007,63.38
2026-04-05 18:30:00,ASIANPAINT,2048228,63.33
2026-04-01 18:30:00,ASIANPAINT,1854061,58.35
2026-03-31 18:30:00,ASIANPAINT,1209900,51.47
2026-03-29 18:30:00,ASIANPAINT,1513565,45.12
2026-03-26 18:30:00,ASIANPAINT,1089010,61.12
2026-03-24 18:30:00,ASIANPAINT,1270855,55.34
2026-04-28 00:00:00,RELIANCE,41027699,65.53
2026-04-28 00:00:00,HDFCBANK,35366803,53.18
2026-04-28 00:00:00,BAJFINANCE,7119135,57.34
2026-04-28 00:00:00,BHARTIARTL,10558455,60.8
2026-04-28 00:00:00,ICICIBANK,16774778,47.82
2026-04-28 00:00:00,AXISBANK,9939787,60.88
2026-04-28 00:00:00,ETERNAL,104988011,43.55
2026-04-28 00:00:00,SBIN,10727835,41.88
2026-04-28 00:00:00,INFY,12720276,48.14
2026-04-28 00:00:00,BAJAJ-AUTO,256811,47.82
2026-04-28 00:00:00,ADANIPORTS,2500914,44.71
2026-04-28 00:00:00,LT,1750237,57.23
2026-04-28 00:00:00,M&M,2645344,64.87
2026-04-28 00:00:00,HINDUNILVR,1629120,57.96
2026-04-28 00:00:00,TCS,4508363,61.36
2026-04-28 00:00:00,KOTAKBANK,12852733,54.06
2026-04-28 00:00:00,INDIGO,1261879,46.94
2026-04-28 00:00:00,SUNPHARMA,16599167,71.65
2026-04-28 00:00:00,ADANIENT,4375556,26.02
2026-04-28 00:00:00,ULTRACEMCO,509322,44.29
2026-04-28 00:00:00,COALINDIA,26732373,32.12
2026-04-28 00:00:00,MARUTI,836679,42.48
2026-04-28 00:00:00,BEL,10883746,48.81
2026-04-28 00:00:00,HCLTECH,6643295,59.9
2026-04-28 00:00:00,SHRIRAMFIN,6752420,52.7
2026-04-28 00:00:00,TATASTEEL,34950491,44.78
2026-04-28 00:00:00,ONGC,51575179,51.87
2026-04-28 00:00:00,JIOFIN,21934246,42.64
2026-04-28 00:00:00,HINDALCO,7798496,66.99
2026-04-28 00:00:00,BAJAJFINSV,1414112,56.16
2026-04-28 00:00:00,TMPV,7247106,51.34
2026-04-28 00:00:00,TECHM,2009200,60.44
2026-04-28 00:00:00,TITAN,620778,58.22
2026-04-28 00:00:00,EICHERMOT,560194,55.93
2026-04-28 00:00:00,HDFCLIFE,5604921,67.76
2026-04-28 00:00:00,ITC,12907339,60.86
2026-04-28 00:00:00,NESTLEIND,4008095,72.55
2026-04-28 00:00:00,GRASIM,1561588,52.26
2026-04-28 00:00:00,WIPRO,23455983,61.44
2026-04-28 00:00:00,NTPC,7726655,47.81
2026-04-28 00:00:00,POWERGRID,9083528,59.79
2026-04-28 00:00:00,APOLLOHOSP,353826,60.61
2026-04-28 00:00:00,TRENT,895472,35.92
2026-04-28 00:00:00,MAXHEALTH,1035872,50.69
2026-04-28 00:00:00,ASIANPAINT,556571,38.65
2026-04-28 00:00:00,SBILIFE,1487099,70.29
2026-04-28 00:00:00,CIPLA,1501522,44.49
2026-04-28 00:00:00,JSWSTEEL,1902689,38.57
2026-04-28 00:00:00,TATACONSUM,1646292,63.73
2026-04-28 00:00:00,DRREDDY,2336352,37.02
2026-04-30 00:00:00,RELIANCE,30957881,52.6
2026-04-30 00:00:00,HDFCBANK,47998755,47.74
2026-04-30 00:00:00,BAJFINANCE,27364272,36.91
2026-04-30 00:00:00,BHARTIARTL,12709188,56.26
2026-04-30 00:00:00,ICICIBANK,17740110,46.24
2026-04-30 00:00:00,AXISBANK,16481853,70.2
2026-04-30 00:00:00,ETERNAL,72700438,51.96
2026-04-30 00:00:00,SBIN,14269539,46.74
2026-04-30 00:00:00,INFY,12205669,43.03
2026-04-30 00:00:00,BAJAJ-AUTO,1209264,37.91
2026-04-30 00:00:00,ADANIPORTS,6313698,42.15
2026-04-30 00:00:00,LT,2569328,48.72
2026-04-30 00:00:00,M&M,3331158,53.82
2026-04-30 00:00:00,HINDUNILVR,4434979,32.32
2026-04-30 00:00:00,TCS,3970446,47.02
2026-04-30 00:00:00,KOTAKBANK,24812228,64.9
2026-04-30 00:00:00,INDIGO,2010221,50.83
2026-04-30 00:00:00,SUNPHARMA,4749798,68.08
2026-04-30 00:00:00,ADANIENT,3538354,29.16
2026-04-30 00:00:00,ULTRACEMCO,719688,62.78
2026-04-30 00:00:00,COALINDIA,16935052,40.4
2026-04-30 00:00:00,MARUTI,612975,47.46
2026-04-30 00:00:00,BEL,15795581,51.61
2026-04-30 00:00:00,HCLTECH,5070033,53.26
2026-04-30 00:00:00,SHRIRAMFIN,5990764,48.2
2026-04-30 00:00:00,TATASTEEL,24894783,49.13
2026-04-30 00:00:00,ONGC,17490096,42.06
2026-04-30 00:00:00,JIOFIN,20595815,37.13
2026-04-30 00:00:00,HINDALCO,4392857,56.51
2026-04-30 00:00:00,BAJAJFINSV,2574629,42.05
2026-04-30 00:00:00,TMPV,12670807,36.65
2026-04-30 00:00:00,TECHM,2635309,44.08
2026-04-30 00:00:00,TITAN,869299,63.68
2026-04-30 00:00:00,EICHERMOT,538501,48.06
2026-04-30 00:00:00,HDFCLIFE,6234625,66.83
2026-04-30 00:00:00,ITC,11541956,45.46
2026-04-30 00:00:00,NESTLEIND,2305703,71.29
2026-04-30 00:00:00,GRASIM,1130223,58.74
2026-04-30 00:00:00,WIPRO,15300274,51.49
2026-04-30 00:00:00,NTPC,7706357,60.7
2026-04-30 00:00:00,POWERGRID,9521058,59.15
2026-04-30 00:00:00,APOLLOHOSP,392016,66.03
2026-04-30 00:00:00,TRENT,566859,35.08
2026-04-30 00:00:00,MAXHEALTH,2365736,46.83
2026-04-30 00:00:00,ASIANPAINT,823684,33.56
2026-04-30 00:00:00,SBILIFE,1082053,63.93
2026-04-30 00:00:00,CIPLA,1370336,59.01
2026-04-30 00:00:00,JSWSTEEL,1366233,45.94
2026-04-30 00:00:00,TATACONSUM,1433160,62.21
2026-04-30 00:00:00,DRREDDY,1227007,35.21
